com.google.gson.GsonBuilder.addDeserializationExclusionStrategy(Lcom/google/gson/ExclusionStrategy;)Lcom/google/gson/GsonBuilder;
com.google.gson.GsonBuilder.addSerializationExclusionStrategy(Lcom/google/gson/ExclusionStrategy;)Lcom/google/gson/GsonBuilder;
com.google.gson.GsonBuilder.create()Lcom/google/gson/Gson;
com.google.gson.GsonBuilder.disableHtmlEscaping()Lcom/google/gson/GsonBuilder;
com.google.gson.GsonBuilder.disableInnerClassSerialization()Lcom/google/gson/GsonBuilder;
com.google.gson.GsonBuilder.enableComplexMapKeySerialization()Lcom/google/gson/GsonBuilder;
com.google.gson.GsonBuilder.excludeFieldsWithModifiers([I)Lcom/google/gson/GsonBuilder;
com.google.gson.GsonBuilder.excludeFieldsWithoutExposeAnnotation()Lcom/google/gson/GsonBuilder;
com.google.gson.GsonBuilder.generateNonExecutableJson()Lcom/google/gson/GsonBuilder;
com.google.gson.GsonBuilder.registerTypeAdapter(Ljava/lang/reflect/Type;Ljava/lang/Object;)Lcom/google/gson/GsonBuilder;
com.google.gson.GsonBuilder.registerTypeAdapterFactory(Lcom/google/gson/TypeAdapterFactory;)Lcom/google/gson/GsonBuilder;
com.google.gson.GsonBuilder.registerTypeHierarchyAdapter(Ljava/lang/Class;Ljava/lang/Object;)Lcom/google/gson/GsonBuilder;
com.google.gson.GsonBuilder.serializeNulls()Lcom/google/gson/GsonBuilder;
com.google.gson.GsonBuilder.serializeSpecialFloatingPointValues()Lcom/google/gson/GsonBuilder;
com.google.gson.GsonBuilder.setDateFormat(I)Lcom/google/gson/GsonBuilder;
com.google.gson.GsonBuilder.setDateFormat(II)Lcom/google/gson/GsonBuilder;
com.google.gson.GsonBuilder.setDateFormat(Ljava/lang/String;)Lcom/google/gson/GsonBuilder;
com.google.gson.GsonBuilder.setExclusionStrategies([Lcom/google/gson/ExclusionStrategy;)Lcom/google/gson/GsonBuilder;
com.google.gson.GsonBuilder.setFieldNamingPolicy(Lcom/google/gson/FieldNamingPolicy;)Lcom/google/gson/GsonBuilder;
com.google.gson.GsonBuilder.setFieldNamingStrategy(Lcom/google/gson/FieldNamingStrategy;)Lcom/google/gson/GsonBuilder;
com.google.gson.GsonBuilder.setLenient()Lcom/google/gson/GsonBuilder;
com.google.gson.GsonBuilder.setLongSerializationPolicy(Lcom/google/gson/LongSerializationPolicy;)Lcom/google/gson/GsonBuilder;
com.google.gson.GsonBuilder.setPrettyPrinting()Lcom/google/gson/GsonBuilder;
com.google.gson.GsonBuilder.setVersion(D)Lcom/google/gson/GsonBuilder;
com.google.gson.internal.bind.JsonTreeReader.close()V
com.google.gson.internal.bind.JsonTreeReader.hasNext()Z
com.google.gson.internal.bind.JsonTreeReader.peek()Lcom/google/gson/stream/JsonToken;
com.google.gson.internal.bind.JsonTreeReader.skipValue()V
com.google.gson.internal.bind.ReflectiveTypeAdapterFactory.create(Lcom/google/gson/Gson;Lcom/google/gson/reflect/TypeToken;)Lcom/google/gson/TypeAdapter;
com.google.gson.internal.Excluder.clone()Lcom/google/gson/internal/Excluder;
com.google.gson.internal.Excluder.disableInnerClassSerialization()Lcom/google/gson/internal/Excluder;
com.google.gson.internal.Excluder.excludeClass(Ljava/lang/Class;Z)Z
com.google.gson.internal.Excluder.excludeFieldsWithoutExposeAnnotation()Lcom/google/gson/internal/Excluder;
com.google.gson.internal.Excluder.withExclusionStrategy(Lcom/google/gson/ExclusionStrategy;ZZ)Lcom/google/gson/internal/Excluder;
com.google.gson.internal.Excluder.withModifiers([I)Lcom/google/gson/internal/Excluder;
com.google.gson.internal.Excluder.withVersion(D)Lcom/google/gson/internal/Excluder;
com.google.gson.internal.LinkedHashTreeMap.clear()V
com.google.gson.internal.LinkedHashTreeMap.entrySet()Ljava/util/Set;
com.google.gson.internal.LinkedHashTreeMap.find(Ljava/lang/Object;Z)Lcom/google/gson/internal/LinkedHashTreeMap$Node;
com.google.gson.internal.LinkedHashTreeMap.findByEntry(Ljava/util/Map$Entry;)Lcom/google/gson/internal/LinkedHashTreeMap$Node;
com.google.gson.internal.LinkedHashTreeMap.findByObject(Ljava/lang/Object;)Lcom/google/gson/internal/LinkedHashTreeMap$Node;
com.google.gson.internal.LinkedHashTreeMap.get(Ljava/lang/Object;)Ljava/lang/Object;
com.google.gson.internal.LinkedHashTreeMap.keySet()Ljava/util/Set;
com.google.gson.internal.LinkedHashTreeMap.put(Ljava/lang/Object;Ljava/lang/Object;)Ljava/lang/Object;
com.google.gson.internal.LinkedHashTreeMap.remove(Ljava/lang/Object;)Ljava/lang/Object;
com.google.gson.internal.LinkedHashTreeMap.removeInternalByKey(Ljava/lang/Object;)Lcom/google/gson/internal/LinkedHashTreeMap$Node;
com.google.gson.internal.LinkedTreeMap.clear()V
com.google.gson.internal.LinkedTreeMap.entrySet()Ljava/util/Set;
com.google.gson.internal.LinkedTreeMap.find(Ljava/lang/Object;Z)Lcom/google/gson/internal/LinkedTreeMap$Node;
com.google.gson.internal.LinkedTreeMap.findByEntry(Ljava/util/Map$Entry;)Lcom/google/gson/internal/LinkedTreeMap$Node;
com.google.gson.internal.LinkedTreeMap.findByObject(Ljava/lang/Object;)Lcom/google/gson/internal/LinkedTreeMap$Node;
com.google.gson.internal.LinkedTreeMap.get(Ljava/lang/Object;)Ljava/lang/Object;
com.google.gson.internal.LinkedTreeMap.keySet()Ljava/util/Set;
com.google.gson.internal.LinkedTreeMap.put(Ljava/lang/Object;Ljava/lang/Object;)Ljava/lang/Object;
com.google.gson.internal.LinkedTreeMap.remove(Ljava/lang/Object;)Ljava/lang/Object;
com.google.gson.internal.LinkedTreeMap.removeInternalByKey(Ljava/lang/Object;)Lcom/google/gson/internal/LinkedTreeMap$Node;
com.google.gson.JsonPrimitive.deepCopy()Lcom/google/gson/JsonPrimitive;
com.google.gson.JsonPrimitive.equals(Ljava/lang/Object;)Z
com.google.gson.JsonPrimitive.getAsBigDecimal()Ljava/math/BigDecimal;
com.google.gson.JsonPrimitive.getAsBigInteger()Ljava/math/BigInteger;
com.google.gson.JsonPrimitive.getAsBoolean()Z
com.google.gson.JsonPrimitive.getAsBooleanWrapper()Ljava/lang/Boolean;
com.google.gson.JsonPrimitive.getAsByte()B
com.google.gson.JsonPrimitive.getAsCharacter()C
com.google.gson.JsonPrimitive.getAsDouble()D
com.google.gson.JsonPrimitive.getAsFloat()F
com.google.gson.JsonPrimitive.getAsInt()I
com.google.gson.JsonPrimitive.getAsLong()J
com.google.gson.JsonPrimitive.getAsNumber()Ljava/lang/Number;
com.google.gson.JsonPrimitive.getAsShort()S
com.google.gson.JsonPrimitive.getAsString()Ljava/lang/String;
com.google.gson.JsonPrimitive.hashCode()I
com.google.gson.JsonPrimitive.setValue(Ljava/lang/Object;)V
com.google.gson.reflect.TypeToken.equals(Ljava/lang/Object;)Z
com.google.gson.reflect.TypeToken.isAssignableFrom(Lcom/google/gson/reflect/TypeToken;)Z
com.google.gson.reflect.TypeToken.isAssignableFrom(Ljava/lang/Class;)Z
com.google.gson.reflect.TypeToken.isAssignableFrom(Ljava/lang/reflect/Type;)Z
com.google.gson.stream.JsonReader.close()V
com.google.re2j.CharClass.toArray()[I
com.google.re2j.Machine.init(I)V
com.google.re2j.Machine.match(Lcom/google/re2j/MachineInput;II)Z
com.google.re2j.Machine.submatches()[I
com.google.re2j.RE2.find(Ljava/lang/String;)Ljava/lang/String;
com.google.re2j.RE2.findIndex(Ljava/lang/String;)[I
com.google.re2j.RE2.findSubmatch(Ljava/lang/String;)[Ljava/lang/String;
com.google.re2j.RE2.findUTF8([B)[B
com.google.re2j.RE2.findUTF8Index([B)[I
com.google.re2j.RE2.findUTF8Submatch([B)[[B
com.google.re2j.RE2.get()Lcom/google/re2j/Machine;
com.google.re2j.RE2.match(Ljava/lang/CharSequence;III[II)Z
com.google.re2j.RE2.replaceAll(Ljava/lang/String;Ljava/lang/String;)Ljava/lang/String;
com.google.re2j.RE2.replaceAllFunc(Ljava/lang/String;Lcom/google/re2j/RE2$ReplaceFunc;I)Ljava/lang/String;
com.google.re2j.RE2.replaceFirst(Ljava/lang/String;Ljava/lang/String;)Ljava/lang/String;
com.google.re2j.RE2.toString()Ljava/lang/String;
com.google.re2j.Regexp.equals(Ljava/lang/Object;)Z
com.google.re2j.Regexp.maxCap()I
com.google.re2j.Regexp.reinit()V
okhttp3.ConnectionSpec.apply(Ljavax/net/ssl/SSLSocket;Z)V
okhttp3.ConnectionSpec.equals(Ljava/lang/Object;)Z
okhttp3.ConnectionSpec.isCompatible(Ljavax/net/ssl/SSLSocket;)Z
okhttp3.Cookie.equals(Ljava/lang/Object;)Z
okhttp3.Cookie.toString(Z)Ljava/lang/String;
okhttp3.HttpUrl.encodedUsername()Ljava/lang/String;
okhttp3.HttpUrl.newBuilder(Ljava/lang/String;)Lokhttp3/HttpUrl$Builder;
okhttp3.HttpUrl.query()Ljava/lang/String;
okhttp3.HttpUrl.queryParameter(Ljava/lang/String;)Ljava/lang/String;
okhttp3.HttpUrl.queryParameterName(I)Ljava/lang/String;
okhttp3.HttpUrl.queryParameterNames()Ljava/util/Set;
okhttp3.HttpUrl.queryParameterValue(I)Ljava/lang/String;
okhttp3.HttpUrl.queryParameterValues(Ljava/lang/String;)Ljava/util/List;
okhttp3.HttpUrl.redact()Ljava/lang/String;
okhttp3.HttpUrl.resolve(Ljava/lang/String;)Lokhttp3/HttpUrl;
okhttp3.internal.platform.AndroidPlatform.buildCertificateChainCleaner(Ljavax/net/ssl/X509TrustManager;)Lokhttp3/internal/tls/CertificateChainCleaner;
okhttp3.internal.platform.AndroidPlatform.configureTlsExtensions(Ljavax/net/ssl/SSLSocket;Ljava/lang/String;Ljava/util/List;)V
okhttp3.internal.platform.AndroidPlatform.connectSocket(Ljava/net/Socket;Ljava/net/InetSocketAddress;I)V
okhttp3.internal.platform.AndroidPlatform.getSelectedProtocol(Ljavax/net/ssl/SSLSocket;)Ljava/lang/String;
okhttp3.internal.platform.AndroidPlatform.isCleartextTrafficPermitted(Ljava/lang/String;)Z
okhttp3.internal.platform.AndroidPlatform.trustManager(Ljavax/net/ssl/SSLSocketFactory;)Ljavax/net/ssl/X509TrustManager;
okhttp3.internal.tls.DistinguishedNameParser.findMostSpecific(Ljava/lang/String;)Ljava/lang/String;
okhttp3.internal.tls.OkHostnameVerifier.verify(Ljava/lang/String;Ljava/security/cert/X509Certificate;)Z
okhttp3.internal.tls.OkHostnameVerifier.verify(Ljava/lang/String;Ljavax/net/ssl/SSLSession;)Z
org.apache.bcel.classfile.StackMapEntry.accept(Lorg/apache/bcel/classfile/Visitor;)V
org.apache.bcel.classfile.StackMapEntry.copy()Lorg/apache/bcel/classfile/StackMapEntry;
org.apache.bcel.classfile.StackMapEntry.dump(Ljava/io/DataOutputStream;)V
org.apache.bcel.classfile.StackMapEntry.getMapEntrySize()I
org.apache.bcel.classfile.StackMapEntry.setByteCodeOffset(I)V
org.apache.bcel.classfile.StackMapEntry.setFrameType(I)V
org.apache.bcel.classfile.StackMapEntry.toString()Ljava/lang/String;
org.apache.bcel.generic.BranchInstruction.containsTarget(Lorg/apache/bcel/generic/InstructionHandle;)Z
org.apache.bcel.generic.BranchInstruction.dispose()V
org.apache.bcel.generic.BranchInstruction.dump(Ljava/io/DataOutputStream;)V
org.apache.bcel.generic.BranchInstruction.getTargetOffset(Lorg/apache/bcel/generic/InstructionHandle;)I
org.apache.bcel.generic.BranchInstruction.initFromFile(Lorg/apache/bcel/util/ByteSequence;Z)V
org.apache.bcel.generic.BranchInstruction.setTarget(Lorg/apache/bcel/generic/InstructionHandle;)V
org.apache.bcel.generic.BranchInstruction.toString(Z)Ljava/lang/String;
org.apache.bcel.generic.BranchInstruction.updatePosition(II)I
org.apache.bcel.generic.BranchInstruction.updateTarget(Lorg/apache/bcel/generic/InstructionHandle;Lorg/apache/bcel/generic/InstructionHandle;)V
org.apache.bcel.generic.ConstantPoolGen.addConstant(Lorg/apache/bcel/classfile/Constant;Lorg/apache/bcel/generic/ConstantPoolGen;)I
org.apache.bcel.generic.ConstantPoolGen.addDouble(D)I
org.apache.bcel.generic.ConstantPoolGen.addFieldref(Ljava/lang/String;Ljava/lang/String;Ljava/lang/String;)I
org.apache.bcel.generic.ConstantPoolGen.addFloat(F)I
org.apache.bcel.generic.ConstantPoolGen.addInteger(I)I
org.apache.bcel.generic.ConstantPoolGen.addInterfaceMethodref(Ljava/lang/String;Ljava/lang/String;Ljava/lang/String;)I
org.apache.bcel.generic.ConstantPoolGen.addLong(J)I
org.apache.bcel.generic.ConstantPoolGen.addMethodref(Ljava/lang/String;Ljava/lang/String;Ljava/lang/String;)I
org.apache.bcel.generic.ConstantPoolGen.addNameAndType(Ljava/lang/String;Ljava/lang/String;)I
org.apache.bcel.generic.ConstantPoolGen.addString(Ljava/lang/String;)I
org.apache.bcel.generic.ConstantPoolGen.addUtf8(Ljava/lang/String;)I
org.apache.bcel.generic.ConstantPoolGen.adjustSize()V
org.apache.bcel.generic.ConstantPoolGen.getFinalConstantPool()Lorg/apache/bcel/classfile/ConstantPool;
org.apache.bcel.generic.ConstantPoolGen.lookupDouble(D)I
org.apache.bcel.generic.ConstantPoolGen.lookupFieldref(Ljava/lang/String;Ljava/lang/String;Ljava/lang/String;)I
org.apache.bcel.generic.ConstantPoolGen.lookupFloat(F)I
org.apache.bcel.generic.ConstantPoolGen.lookupInteger(I)I
org.apache.bcel.generic.ConstantPoolGen.lookupInterfaceMethodref(Ljava/lang/String;Ljava/lang/String;Ljava/lang/String;)I
org.apache.bcel.generic.ConstantPoolGen.lookupInterfaceMethodref(Lorg/apache/bcel/generic/MethodGen;)I
org.apache.bcel.generic.ConstantPoolGen.lookupLong(J)I
org.apache.bcel.generic.ConstantPoolGen.lookupMethodref(Ljava/lang/String;Ljava/lang/String;Ljava/lang/String;)I
org.apache.bcel.generic.ConstantPoolGen.lookupNameAndType(Ljava/lang/String;Ljava/lang/String;)I
org.apache.bcel.generic.ConstantPoolGen.lookupString(Ljava/lang/String;)I
org.apache.bcel.generic.ConstantPoolGen.lookupUtf8(Ljava/lang/String;)I
org.apache.bcel.generic.ConstantPoolGen.toString()Ljava/lang/String;
org.apache.bcel.generic.InstructionList.addObserver(Lorg/apache/bcel/generic/InstructionListObserver;)V
org.apache.bcel.generic.InstructionList.append(Lorg/apache/bcel/generic/BranchInstruction;)Lorg/apache/bcel/generic/BranchHandle;
org.apache.bcel.generic.InstructionList.append(Lorg/apache/bcel/generic/Instruction;)Lorg/apache/bcel/generic/InstructionHandle;
org.apache.bcel.generic.InstructionList.append(Lorg/apache/bcel/generic/Instruction;Lorg/apache/bcel/generic/InstructionList;)Lorg/apache/bcel/generic/InstructionHandle;
org.apache.bcel.generic.InstructionList.append(Lorg/apache/bcel/generic/InstructionHandle;Lorg/apache/bcel/generic/BranchInstruction;)Lorg/apache/bcel/generic/BranchHandle;
org.apache.bcel.generic.InstructionList.append(Lorg/apache/bcel/generic/InstructionHandle;Lorg/apache/bcel/generic/InstructionList;)Lorg/apache/bcel/generic/InstructionHandle;
org.apache.bcel.generic.InstructionList.append(Lorg/apache/bcel/generic/InstructionList;)Lorg/apache/bcel/generic/InstructionHandle;
org.apache.bcel.generic.InstructionList.contains(Lorg/apache/bcel/generic/InstructionHandle;)Z
org.apache.bcel.generic.InstructionList.copy()Lorg/apache/bcel/generic/InstructionList;
org.apache.bcel.generic.InstructionList.delete(Lorg/apache/bcel/generic/Instruction;)V
org.apache.bcel.generic.InstructionList.delete(Lorg/apache/bcel/generic/Instruction;Lorg/apache/bcel/generic/Instruction;)V
org.apache.bcel.generic.InstructionList.dispose()V
org.apache.bcel.generic.InstructionList.findHandle(I)Lorg/apache/bcel/generic/InstructionHandle;
org.apache.bcel.generic.InstructionList.getByteCode()[B
org.apache.bcel.generic.InstructionList.getInstructionHandles()[Lorg/apache/bcel/generic/InstructionHandle;
org.apache.bcel.generic.InstructionList.getInstructions()[Lorg/apache/bcel/generic/Instruction;
org.apache.bcel.generic.InstructionList.insert(Lorg/apache/bcel/generic/BranchInstruction;)Lorg/apache/bcel/generic/BranchHandle;
org.apache.bcel.generic.InstructionList.insert(Lorg/apache/bcel/generic/Instruction;)Lorg/apache/bcel/generic/InstructionHandle;
org.apache.bcel.generic.InstructionList.insert(Lorg/apache/bcel/generic/Instruction;Lorg/apache/bcel/generic/InstructionList;)Lorg/apache/bcel/generic/InstructionHandle;
org.apache.bcel.generic.InstructionList.insert(Lorg/apache/bcel/generic/InstructionHandle;Lorg/apache/bcel/generic/BranchInstruction;)Lorg/apache/bcel/generic/BranchHandle;
org.apache.bcel.generic.InstructionList.insert(Lorg/apache/bcel/generic/InstructionHandle;Lorg/apache/bcel/generic/InstructionList;)Lorg/apache/bcel/generic/InstructionHandle;
org.apache.bcel.generic.InstructionList.insert(Lorg/apache/bcel/generic/InstructionList;)Lorg/apache/bcel/generic/InstructionHandle;
org.apache.bcel.generic.InstructionList.iterator()Ljava/util/Iterator;
org.apache.bcel.generic.InstructionList.move(Lorg/apache/bcel/generic/InstructionHandle;Lorg/apache/bcel/generic/InstructionHandle;Lorg/apache/bcel/generic/InstructionHandle;)V
org.apache.bcel.generic.InstructionList.redirectBranches(Lorg/apache/bcel/generic/InstructionHandle;Lorg/apache/bcel/generic/InstructionHandle;)V
org.apache.bcel.generic.InstructionList.redirectExceptionHandlers([Lorg/apache/bcel/generic/CodeExceptionGen;Lorg/apache/bcel/generic/InstructionHandle;Lorg/apache/bcel/generic/InstructionHandle;)V
org.apache.bcel.generic.InstructionList.redirectLocalVariables([Lorg/apache/bcel/generic/LocalVariableGen;Lorg/apache/bcel/generic/InstructionHandle;Lorg/apache/bcel/generic/InstructionHandle;)V
org.apache.bcel.generic.InstructionList.removeObserver(Lorg/apache/bcel/generic/InstructionListObserver;)V
org.apache.bcel.generic.InstructionList.replaceConstantPool(Lorg/apache/bcel/generic/ConstantPoolGen;Lorg/apache/bcel/generic/ConstantPoolGen;)V
org.apache.bcel.generic.InstructionList.setPositions(Z)V
org.apache.bcel.generic.InstructionList.toString()Ljava/lang/String;
org.apache.bcel.generic.InstructionList.toString(Z)Ljava/lang/String;
org.apache.bcel.generic.InstructionList.update()V
org.apache.bcel.verifier.structurals.InstConstraintVisitor.setFrame(Lorg/apache/bcel/verifier/structurals/Frame;)V
org.apache.bcel.verifier.structurals.InstConstraintVisitor.visitAALOAD(Lorg/apache/bcel/generic/AALOAD;)V
org.apache.bcel.verifier.structurals.InstConstraintVisitor.visitAASTORE(Lorg/apache/bcel/generic/AASTORE;)V
org.apache.bcel.verifier.structurals.InstConstraintVisitor.visitACONST_NULL(Lorg/apache/bcel/generic/ACONST_NULL;)V
org.apache.bcel.verifier.structurals.InstConstraintVisitor.visitALOAD(Lorg/apache/bcel/generic/ALOAD;)V
org.apache.bcel.verifier.structurals.InstConstraintVisitor.visitANEWARRAY(Lorg/apache/bcel/generic/ANEWARRAY;)V
org.apache.bcel.verifier.structurals.InstConstraintVisitor.visitARETURN(Lorg/apache/bcel/generic/ARETURN;)V
org.apache.bcel.verifier.structurals.InstConstraintVisitor.visitARRAYLENGTH(Lorg/apache/bcel/generic/ARRAYLENGTH;)V
org.apache.bcel.verifier.structurals.InstConstraintVisitor.visitASTORE(Lorg/apache/bcel/generic/ASTORE;)V
org.apache.bcel.verifier.structurals.InstConstraintVisitor.visitATHROW(Lorg/apache/bcel/generic/ATHROW;)V
org.apache.bcel.verifier.structurals.InstConstraintVisitor.visitBALOAD(Lorg/apache/bcel/generic/BALOAD;)V
org.apache.bcel.verifier.structurals.InstConstraintVisitor.visitBASTORE(Lorg/apache/bcel/generic/BASTORE;)V
org.apache.bcel.verifier.structurals.InstConstraintVisitor.visitBIPUSH(Lorg/apache/bcel/generic/BIPUSH;)V
org.apache.bcel.verifier.structurals.InstConstraintVisitor.visitBREAKPOINT(Lorg/apache/bcel/generic/BREAKPOINT;)V
org.apache.bcel.verifier.structurals.InstConstraintVisitor.visitCALOAD(Lorg/apache/bcel/generic/CALOAD;)V
org.apache.bcel.verifier.structurals.InstConstraintVisitor.visitCASTORE(Lorg/apache/bcel/generic/CASTORE;)V
org.apache.bcel.verifier.structurals.InstConstraintVisitor.visitCHECKCAST(Lorg/apache/bcel/generic/CHECKCAST;)V
org.apache.bcel.verifier.structurals.InstConstraintVisitor.visitCPInstruction(Lorg/apache/bcel/generic/CPInstruction;)V
org.apache.bcel.verifier.structurals.InstConstraintVisitor.visitD2F(Lorg/apache/bcel/generic/D2F;)V
org.apache.bcel.verifier.structurals.InstConstraintVisitor.visitD2I(Lorg/apache/bcel/generic/D2I;)V
org.apache.bcel.verifier.structurals.InstConstraintVisitor.visitD2L(Lorg/apache/bcel/generic/D2L;)V
org.apache.bcel.verifier.structurals.InstConstraintVisitor.visitDADD(Lorg/apache/bcel/generic/DADD;)V
org.apache.bcel.verifier.structurals.InstConstraintVisitor.visitDALOAD(Lorg/apache/bcel/generic/DALOAD;)V
org.apache.bcel.verifier.structurals.InstConstraintVisitor.visitDASTORE(Lorg/apache/bcel/generic/DASTORE;)V
org.apache.bcel.verifier.structurals.InstConstraintVisitor.visitDCMPG(Lorg/apache/bcel/generic/DCMPG;)V
org.apache.bcel.verifier.structurals.InstConstraintVisitor.visitDCMPL(Lorg/apache/bcel/generic/DCMPL;)V
org.apache.bcel.verifier.structurals.InstConstraintVisitor.visitDCONST(Lorg/apache/bcel/generic/DCONST;)V
org.apache.bcel.verifier.structurals.InstConstraintVisitor.visitDDIV(Lorg/apache/bcel/generic/DDIV;)V
org.apache.bcel.verifier.structurals.InstConstraintVisitor.visitDLOAD(Lorg/apache/bcel/generic/DLOAD;)V
org.apache.bcel.verifier.structurals.InstConstraintVisitor.visitDMUL(Lorg/apache/bcel/generic/DMUL;)V
org.apache.bcel.verifier.structurals.InstConstraintVisitor.visitDNEG(Lorg/apache/bcel/generic/DNEG;)V
org.apache.bcel.verifier.structurals.InstConstraintVisitor.visitDREM(Lorg/apache/bcel/generic/DREM;)V
org.apache.bcel.verifier.structurals.InstConstraintVisitor.visitDRETURN(Lorg/apache/bcel/generic/DRETURN;)V
org.apache.bcel.verifier.structurals.InstConstraintVisitor.visitDSTORE(Lorg/apache/bcel/generic/DSTORE;)V
org.apache.bcel.verifier.structurals.InstConstraintVisitor.visitDSUB(Lorg/apache/bcel/generic/DSUB;)V
org.apache.bcel.verifier.structurals.InstConstraintVisitor.visitDUP_X1(Lorg/apache/bcel/generic/DUP_X1;)V
org.apache.bcel.verifier.structurals.InstConstraintVisitor.visitDUP_X2(Lorg/apache/bcel/generic/DUP_X2;)V
org.apache.bcel.verifier.structurals.InstConstraintVisitor.visitDUP(Lorg/apache/bcel/generic/DUP;)V
org.apache.bcel.verifier.structurals.InstConstraintVisitor.visitDUP2_X1(Lorg/apache/bcel/generic/DUP2_X1;)V
org.apache.bcel.verifier.structurals.InstConstraintVisitor.visitDUP2_X2(Lorg/apache/bcel/generic/DUP2_X2;)V
org.apache.bcel.verifier.structurals.InstConstraintVisitor.visitDUP2(Lorg/apache/bcel/generic/DUP2;)V
org.apache.bcel.verifier.structurals.InstConstraintVisitor.visitF2D(Lorg/apache/bcel/generic/F2D;)V
org.apache.bcel.verifier.structurals.InstConstraintVisitor.visitF2I(Lorg/apache/bcel/generic/F2I;)V
org.apache.bcel.verifier.structurals.InstConstraintVisitor.visitF2L(Lorg/apache/bcel/generic/F2L;)V
org.apache.bcel.verifier.structurals.InstConstraintVisitor.visitFADD(Lorg/apache/bcel/generic/FADD;)V
org.apache.bcel.verifier.structurals.InstConstraintVisitor.visitFALOAD(Lorg/apache/bcel/generic/FALOAD;)V
org.apache.bcel.verifier.structurals.InstConstraintVisitor.visitFASTORE(Lorg/apache/bcel/generic/FASTORE;)V
org.apache.bcel.verifier.structurals.InstConstraintVisitor.visitFCMPG(Lorg/apache/bcel/generic/FCMPG;)V
org.apache.bcel.verifier.structurals.InstConstraintVisitor.visitFCMPL(Lorg/apache/bcel/generic/FCMPL;)V
org.apache.bcel.verifier.structurals.InstConstraintVisitor.visitFCONST(Lorg/apache/bcel/generic/FCONST;)V
org.apache.bcel.verifier.structurals.InstConstraintVisitor.visitFDIV(Lorg/apache/bcel/generic/FDIV;)V
org.apache.bcel.verifier.structurals.InstConstraintVisitor.visitFieldInstruction(Lorg/apache/bcel/generic/FieldInstruction;)V
org.apache.bcel.verifier.structurals.InstConstraintVisitor.visitFLOAD(Lorg/apache/bcel/generic/FLOAD;)V
org.apache.bcel.verifier.structurals.InstConstraintVisitor.visitFMUL(Lorg/apache/bcel/generic/FMUL;)V
org.apache.bcel.verifier.structurals.InstConstraintVisitor.visitFNEG(Lorg/apache/bcel/generic/FNEG;)V
org.apache.bcel.verifier.structurals.InstConstraintVisitor.visitFREM(Lorg/apache/bcel/generic/FREM;)V
org.apache.bcel.verifier.structurals.InstConstraintVisitor.visitFRETURN(Lorg/apache/bcel/generic/FRETURN;)V
org.apache.bcel.verifier.structurals.InstConstraintVisitor.visitFSTORE(Lorg/apache/bcel/generic/FSTORE;)V
org.apache.bcel.verifier.structurals.InstConstraintVisitor.visitFSUB(Lorg/apache/bcel/generic/FSUB;)V
org.apache.bcel.verifier.structurals.InstConstraintVisitor.visitGETFIELD(Lorg/apache/bcel/generic/GETFIELD;)V
org.apache.bcel.verifier.structurals.InstConstraintVisitor.visitGETSTATIC(Lorg/apache/bcel/generic/GETSTATIC;)V
org.apache.bcel.verifier.structurals.InstConstraintVisitor.visitGOTO_W(Lorg/apache/bcel/generic/GOTO_W;)V
org.apache.bcel.verifier.structurals.InstConstraintVisitor.visitGOTO(Lorg/apache/bcel/generic/GOTO;)V
org.apache.bcel.verifier.structurals.InstConstraintVisitor.visitI2B(Lorg/apache/bcel/generic/I2B;)V
org.apache.bcel.verifier.structurals.InstConstraintVisitor.visitI2C(Lorg/apache/bcel/generic/I2C;)V
org.apache.bcel.verifier.structurals.InstConstraintVisitor.visitI2D(Lorg/apache/bcel/generic/I2D;)V
org.apache.bcel.verifier.structurals.InstConstraintVisitor.visitI2F(Lorg/apache/bcel/generic/I2F;)V
org.apache.bcel.verifier.structurals.InstConstraintVisitor.visitI2L(Lorg/apache/bcel/generic/I2L;)V
org.apache.bcel.verifier.structurals.InstConstraintVisitor.visitI2S(Lorg/apache/bcel/generic/I2S;)V
org.apache.bcel.verifier.structurals.InstConstraintVisitor.visitIADD(Lorg/apache/bcel/generic/IADD;)V
org.apache.bcel.verifier.structurals.InstConstraintVisitor.visitIALOAD(Lorg/apache/bcel/generic/IALOAD;)V
org.apache.bcel.verifier.structurals.InstConstraintVisitor.visitIAND(Lorg/apache/bcel/generic/IAND;)V
org.apache.bcel.verifier.structurals.InstConstraintVisitor.visitIASTORE(Lorg/apache/bcel/generic/IASTORE;)V
org.apache.bcel.verifier.structurals.InstConstraintVisitor.visitICONST(Lorg/apache/bcel/generic/ICONST;)V
org.apache.bcel.verifier.structurals.InstConstraintVisitor.visitIDIV(Lorg/apache/bcel/generic/IDIV;)V
org.apache.bcel.verifier.structurals.InstConstraintVisitor.visitIF_ACMPEQ(Lorg/apache/bcel/generic/IF_ACMPEQ;)V
org.apache.bcel.verifier.structurals.InstConstraintVisitor.visitIF_ACMPNE(Lorg/apache/bcel/generic/IF_ACMPNE;)V
org.apache.bcel.verifier.structurals.InstConstraintVisitor.visitIF_ICMPEQ(Lorg/apache/bcel/generic/IF_ICMPEQ;)V
org.apache.bcel.verifier.structurals.InstConstraintVisitor.visitIF_ICMPGE(Lorg/apache/bcel/generic/IF_ICMPGE;)V
org.apache.bcel.verifier.structurals.InstConstraintVisitor.visitIF_ICMPGT(Lorg/apache/bcel/generic/IF_ICMPGT;)V
org.apache.bcel.verifier.structurals.InstConstraintVisitor.visitIF_ICMPLE(Lorg/apache/bcel/generic/IF_ICMPLE;)V
org.apache.bcel.verifier.structurals.InstConstraintVisitor.visitIF_ICMPLT(Lorg/apache/bcel/generic/IF_ICMPLT;)V
org.apache.bcel.verifier.structurals.InstConstraintVisitor.visitIF_ICMPNE(Lorg/apache/bcel/generic/IF_ICMPNE;)V
org.apache.bcel.verifier.structurals.InstConstraintVisitor.visitIFEQ(Lorg/apache/bcel/generic/IFEQ;)V
org.apache.bcel.verifier.structurals.InstConstraintVisitor.visitIFGE(Lorg/apache/bcel/generic/IFGE;)V
org.apache.bcel.verifier.structurals.InstConstraintVisitor.visitIFGT(Lorg/apache/bcel/generic/IFGT;)V
org.apache.bcel.verifier.structurals.InstConstraintVisitor.visitIFLE(Lorg/apache/bcel/generic/IFLE;)V
org.apache.bcel.verifier.structurals.InstConstraintVisitor.visitIFLT(Lorg/apache/bcel/generic/IFLT;)V
org.apache.bcel.verifier.structurals.InstConstraintVisitor.visitIFNE(Lorg/apache/bcel/generic/IFNE;)V
org.apache.bcel.verifier.structurals.InstConstraintVisitor.visitIFNONNULL(Lorg/apache/bcel/generic/IFNONNULL;)V
org.apache.bcel.verifier.structurals.InstConstraintVisitor.visitIFNULL(Lorg/apache/bcel/generic/IFNULL;)V
org.apache.bcel.verifier.structurals.InstConstraintVisitor.visitIINC(Lorg/apache/bcel/generic/IINC;)V
org.apache.bcel.verifier.structurals.InstConstraintVisitor.visitILOAD(Lorg/apache/bcel/generic/ILOAD;)V
org.apache.bcel.verifier.structurals.InstConstraintVisitor.visitIMPDEP1(Lorg/apache/bcel/generic/IMPDEP1;)V
org.apache.bcel.verifier.structurals.InstConstraintVisitor.visitIMPDEP2(Lorg/apache/bcel/generic/IMPDEP2;)V
org.apache.bcel.verifier.structurals.InstConstraintVisitor.visitIMUL(Lorg/apache/bcel/generic/IMUL;)V
org.apache.bcel.verifier.structurals.InstConstraintVisitor.visitINEG(Lorg/apache/bcel/generic/INEG;)V
org.apache.bcel.verifier.structurals.InstConstraintVisitor.visitINSTANCEOF(Lorg/apache/bcel/generic/INSTANCEOF;)V
org.apache.bcel.verifier.structurals.InstConstraintVisitor.visitINVOKEDYNAMIC(Lorg/apache/bcel/generic/INVOKEDYNAMIC;)V
org.apache.bcel.verifier.structurals.InstConstraintVisitor.visitInvokeInstruction(Lorg/apache/bcel/generic/InvokeInstruction;)V
org.apache.bcel.verifier.structurals.InstConstraintVisitor.visitINVOKEINTERFACE(Lorg/apache/bcel/generic/INVOKEINTERFACE;)V
org.apache.bcel.verifier.structurals.InstConstraintVisitor.visitINVOKESPECIAL(Lorg/apache/bcel/generic/INVOKESPECIAL;)V
org.apache.bcel.verifier.structurals.InstConstraintVisitor.visitINVOKESTATIC(Lorg/apache/bcel/generic/INVOKESTATIC;)V
org.apache.bcel.verifier.structurals.InstConstraintVisitor.visitINVOKEVIRTUAL(Lorg/apache/bcel/generic/INVOKEVIRTUAL;)V
org.apache.bcel.verifier.structurals.InstConstraintVisitor.visitIOR(Lorg/apache/bcel/generic/IOR;)V
org.apache.bcel.verifier.structurals.InstConstraintVisitor.visitIREM(Lorg/apache/bcel/generic/IREM;)V
org.apache.bcel.verifier.structurals.InstConstraintVisitor.visitIRETURN(Lorg/apache/bcel/generic/IRETURN;)V
org.apache.bcel.verifier.structurals.InstConstraintVisitor.visitISHL(Lorg/apache/bcel/generic/ISHL;)V
org.apache.bcel.verifier.structurals.InstConstraintVisitor.visitISHR(Lorg/apache/bcel/generic/ISHR;)V
org.apache.bcel.verifier.structurals.InstConstraintVisitor.visitISTORE(Lorg/apache/bcel/generic/ISTORE;)V
org.apache.bcel.verifier.structurals.InstConstraintVisitor.visitISUB(Lorg/apache/bcel/generic/ISUB;)V
org.apache.bcel.verifier.structurals.InstConstraintVisitor.visitIUSHR(Lorg/apache/bcel/generic/IUSHR;)V
org.apache.bcel.verifier.structurals.InstConstraintVisitor.visitIXOR(Lorg/apache/bcel/generic/IXOR;)V
org.apache.bcel.verifier.structurals.InstConstraintVisitor.visitJSR_W(Lorg/apache/bcel/generic/JSR_W;)V
org.apache.bcel.verifier.structurals.InstConstraintVisitor.visitJSR(Lorg/apache/bcel/generic/JSR;)V
org.apache.bcel.verifier.structurals.InstConstraintVisitor.visitL2D(Lorg/apache/bcel/generic/L2D;)V
org.apache.bcel.verifier.structurals.InstConstraintVisitor.visitL2F(Lorg/apache/bcel/generic/L2F;)V
org.apache.bcel.verifier.structurals.InstConstraintVisitor.visitL2I(Lorg/apache/bcel/generic/L2I;)V
org.apache.bcel.verifier.structurals.InstConstraintVisitor.visitLADD(Lorg/apache/bcel/generic/LADD;)V
org.apache.bcel.verifier.structurals.InstConstraintVisitor.visitLALOAD(Lorg/apache/bcel/generic/LALOAD;)V
org.apache.bcel.verifier.structurals.InstConstraintVisitor.visitLAND(Lorg/apache/bcel/generic/LAND;)V
org.apache.bcel.verifier.structurals.InstConstraintVisitor.visitLASTORE(Lorg/apache/bcel/generic/LASTORE;)V
org.apache.bcel.verifier.structurals.InstConstraintVisitor.visitLCMP(Lorg/apache/bcel/generic/LCMP;)V
org.apache.bcel.verifier.structurals.InstConstraintVisitor.visitLCONST(Lorg/apache/bcel/generic/LCONST;)V
org.apache.bcel.verifier.structurals.InstConstraintVisitor.visitLDC_W(Lorg/apache/bcel/generic/LDC_W;)V
org.apache.bcel.verifier.structurals.InstConstraintVisitor.visitLDC(Lorg/apache/bcel/generic/LDC;)V
org.apache.bcel.verifier.structurals.InstConstraintVisitor.visitLDC2_W(Lorg/apache/bcel/generic/LDC2_W;)V
org.apache.bcel.verifier.structurals.InstConstraintVisitor.visitLDIV(Lorg/apache/bcel/generic/LDIV;)V
org.apache.bcel.verifier.structurals.InstConstraintVisitor.visitLLOAD(Lorg/apache/bcel/generic/LLOAD;)V
org.apache.bcel.verifier.structurals.InstConstraintVisitor.visitLMUL(Lorg/apache/bcel/generic/LMUL;)V
org.apache.bcel.verifier.structurals.InstConstraintVisitor.visitLNEG(Lorg/apache/bcel/generic/LNEG;)V
org.apache.bcel.verifier.structurals.InstConstraintVisitor.visitLoadClass(Lorg/apache/bcel/generic/LoadClass;)V
org.apache.bcel.verifier.structurals.InstConstraintVisitor.visitLoadInstruction(Lorg/apache/bcel/generic/LoadInstruction;)V
org.apache.bcel.verifier.structurals.InstConstraintVisitor.visitLocalVariableInstruction(Lorg/apache/bcel/generic/LocalVariableInstruction;)V
org.apache.bcel.verifier.structurals.InstConstraintVisitor.visitLOOKUPSWITCH(Lorg/apache/bcel/generic/LOOKUPSWITCH;)V
org.apache.bcel.verifier.structurals.InstConstraintVisitor.visitLOR(Lorg/apache/bcel/generic/LOR;)V
org.apache.bcel.verifier.structurals.InstConstraintVisitor.visitLREM(Lorg/apache/bcel/generic/LREM;)V
org.apache.bcel.verifier.structurals.InstConstraintVisitor.visitLRETURN(Lorg/apache/bcel/generic/LRETURN;)V
org.apache.bcel.verifier.structurals.InstConstraintVisitor.visitLSHL(Lorg/apache/bcel/generic/LSHL;)V
org.apache.bcel.verifier.structurals.InstConstraintVisitor.visitLSHR(Lorg/apache/bcel/generic/LSHR;)V
org.apache.bcel.verifier.structurals.InstConstraintVisitor.visitLSTORE(Lorg/apache/bcel/generic/LSTORE;)V
org.apache.bcel.verifier.structurals.InstConstraintVisitor.visitLSUB(Lorg/apache/bcel/generic/LSUB;)V
org.apache.bcel.verifier.structurals.InstConstraintVisitor.visitLUSHR(Lorg/apache/bcel/generic/LUSHR;)V
org.apache.bcel.verifier.structurals.InstConstraintVisitor.visitLXOR(Lorg/apache/bcel/generic/LXOR;)V
org.apache.bcel.verifier.structurals.InstConstraintVisitor.visitMONITORENTER(Lorg/apache/bcel/generic/MONITORENTER;)V
org.apache.bcel.verifier.structurals.InstConstraintVisitor.visitMONITOREXIT(Lorg/apache/bcel/generic/MONITOREXIT;)V
org.apache.bcel.verifier.structurals.InstConstraintVisitor.visitMULTIANEWARRAY(Lorg/apache/bcel/generic/MULTIANEWARRAY;)V
org.apache.bcel.verifier.structurals.InstConstraintVisitor.visitNEW(Lorg/apache/bcel/generic/NEW;)V
org.apache.bcel.verifier.structurals.InstConstraintVisitor.visitNEWARRAY(Lorg/apache/bcel/generic/NEWARRAY;)V
org.apache.bcel.verifier.structurals.InstConstraintVisitor.visitNOP(Lorg/apache/bcel/generic/NOP;)V
org.apache.bcel.verifier.structurals.InstConstraintVisitor.visitPOP(Lorg/apache/bcel/generic/POP;)V
org.apache.bcel.verifier.structurals.InstConstraintVisitor.visitPOP2(Lorg/apache/bcel/generic/POP2;)V
org.apache.bcel.verifier.structurals.InstConstraintVisitor.visitPUTFIELD(Lorg/apache/bcel/generic/PUTFIELD;)V
org.apache.bcel.verifier.structurals.InstConstraintVisitor.visitPUTSTATIC(Lorg/apache/bcel/generic/PUTSTATIC;)V
org.apache.bcel.verifier.structurals.InstConstraintVisitor.visitRET(Lorg/apache/bcel/generic/RET;)V
org.apache.bcel.verifier.structurals.InstConstraintVisitor.visitRETURN(Lorg/apache/bcel/generic/RETURN;)V
org.apache.bcel.verifier.structurals.InstConstraintVisitor.visitSALOAD(Lorg/apache/bcel/generic/SALOAD;)V
org.apache.bcel.verifier.structurals.InstConstraintVisitor.visitSASTORE(Lorg/apache/bcel/generic/SASTORE;)V
org.apache.bcel.verifier.structurals.InstConstraintVisitor.visitSIPUSH(Lorg/apache/bcel/generic/SIPUSH;)V
org.apache.bcel.verifier.structurals.InstConstraintVisitor.visitStackConsumer(Lorg/apache/bcel/generic/StackConsumer;)V
org.apache.bcel.verifier.structurals.InstConstraintVisitor.visitStackInstruction(Lorg/apache/bcel/generic/StackInstruction;)V
org.apache.bcel.verifier.structurals.InstConstraintVisitor.visitStackProducer(Lorg/apache/bcel/generic/StackProducer;)V
org.apache.bcel.verifier.structurals.InstConstraintVisitor.visitStoreInstruction(Lorg/apache/bcel/generic/StoreInstruction;)V
org.apache.bcel.verifier.structurals.InstConstraintVisitor.visitSWAP(Lorg/apache/bcel/generic/SWAP;)V
org.apache.bcel.verifier.structurals.InstConstraintVisitor.visitTABLESWITCH(Lorg/apache/bcel/generic/TABLESWITCH;)V
org.apache.bcel.verifier.structurals.LocalVariables.clone()Ljava/lang/Object;
org.apache.bcel.verifier.structurals.LocalVariables.equals(Ljava/lang/Object;)Z
org.apache.bcel.verifier.structurals.LocalVariables.initializeObject(Lorg/apache/bcel/verifier/structurals/UninitializedObjectType;)V
org.apache.bcel.verifier.structurals.LocalVariables.merge(Lorg/apache/bcel/verifier/structurals/LocalVariables;)V
org.apache.bcel.verifier.structurals.LocalVariables.set(ILorg/apache/bcel/generic/Type;)V
org.apache.bcel.verifier.structurals.LocalVariables.toString()Ljava/lang/String;
org.apache.bcel.verifier.structurals.Subroutines.getSubroutine(Lorg/apache/bcel/generic/InstructionHandle;)Lorg/apache/bcel/verifier/structurals/Subroutine;
org.apache.bcel.verifier.structurals.Subroutines.subroutineOf(Lorg/apache/bcel/generic/InstructionHandle;)Lorg/apache/bcel/verifier/structurals/Subroutine;
org.apache.bcel.verifier.structurals.Subroutines.toString()Ljava/lang/String;
org.apache.commons.imaging.common.RationalNumber.doubleValue()D
org.apache.commons.imaging.common.RationalNumber.floatValue()F
org.apache.commons.imaging.formats.bmp.BmpImageParser.dumpImageFile(Ljava/io/PrintWriter;Lorg/apache/commons/imaging/common/bytesource/ByteSource;)Z
org.apache.commons.imaging.formats.bmp.BmpImageParser.getAcceptedExtensions()[Ljava/lang/String;
org.apache.commons.imaging.formats.bmp.BmpImageParser.getAcceptedTypes()[Lorg/apache/commons/imaging/ImageFormat;
org.apache.commons.imaging.formats.bmp.BmpImageParser.getBufferedImage(Ljava/io/InputStream;Ljava/util/Map;)Ljava/awt/image/BufferedImage;
org.apache.commons.imaging.formats.bmp.BmpImageParser.getBufferedImage(Lorg/apache/commons/imaging/common/bytesource/ByteSource;Ljava/util/Map;)Ljava/awt/image/BufferedImage;
org.apache.commons.imaging.formats.bmp.BmpImageParser.getDefaultExtension()Ljava/lang/String;
org.apache.commons.imaging.formats.bmp.BmpImageParser.getFormatCompliance(Lorg/apache/commons/imaging/common/bytesource/ByteSource;)Lorg/apache/commons/imaging/FormatCompliance;
org.apache.commons.imaging.formats.bmp.BmpImageParser.getICCProfileBytes(Lorg/apache/commons/imaging/common/bytesource/ByteSource;Ljava/util/Map;)[B
org.apache.commons.imaging.formats.bmp.BmpImageParser.getImageInfo(Lorg/apache/commons/imaging/common/bytesource/ByteSource;Ljava/util/Map;)Lorg/apache/commons/imaging/ImageInfo;
org.apache.commons.imaging.formats.bmp.BmpImageParser.getImageSize(Lorg/apache/commons/imaging/common/bytesource/ByteSource;Ljava/util/Map;)Ljava/awt/Dimension;
org.apache.commons.imaging.formats.bmp.BmpImageParser.getMetadata(Lorg/apache/commons/imaging/common/bytesource/ByteSource;Ljava/util/Map;)Lorg/apache/commons/imaging/common/ImageMetadata;
org.apache.commons.imaging.formats.bmp.BmpImageParser.getName()Ljava/lang/String;
org.apache.commons.imaging.formats.bmp.BmpImageParser.getXmpXml(Lorg/apache/commons/imaging/common/bytesource/ByteSource;Ljava/util/Map;)Ljava/lang/String;
org.apache.commons.imaging.formats.bmp.BmpImageParser.writeImage(Ljava/awt/image/BufferedImage;Ljava/io/OutputStream;Ljava/util/Map;)V
org.apache.commons.imaging.formats.tiff.TiffField.dump()V
org.apache.commons.imaging.formats.tiff.TiffField.dump(Ljava/io/PrintWriter;Ljava/lang/String;)V
org.apache.commons.imaging.formats.tiff.TiffField.getDescriptionWithoutValue()Ljava/lang/String;
org.apache.commons.imaging.formats.tiff.TiffField.getDoubleArrayValue()[D
org.apache.commons.imaging.formats.tiff.TiffField.getDoubleValue()D
org.apache.commons.imaging.formats.tiff.TiffField.getIntArrayValue()[I
org.apache.commons.imaging.formats.tiff.TiffField.getIntValue()I
org.apache.commons.imaging.formats.tiff.TiffField.getIntValueOrArraySum()I
org.apache.commons.imaging.formats.tiff.TiffField.getOversizeValueElement()Lorg/apache/commons/imaging/formats/tiff/TiffElement;
org.apache.commons.imaging.formats.tiff.TiffField.getStringValue()Ljava/lang/String;
org.apache.commons.imaging.formats.tiff.TiffField.getTagName()Ljava/lang/String;
org.apache.commons.imaging.formats.tiff.TiffField.getValue()Ljava/lang/Object;
org.apache.commons.imaging.formats.tiff.TiffField.getValueDescription()Ljava/lang/String;
org.apache.commons.imaging.formats.tiff.TiffField.toString()Ljava/lang/String;
org.apache.commons.imaging.formats.tiff.write.TiffImageWriterBase.validateDirectories(Lorg/apache/commons/imaging/formats/tiff/write/TiffOutputSet;)Lorg/apache/commons/imaging/formats/tiff/write/TiffOutputSummary;
org.apache.commons.imaging.formats.tiff.write.TiffImageWriterBase.writeImage(Ljava/awt/image/BufferedImage;Ljava/io/OutputStream;Ljava/util/Map;)V
org.apache.commons.imaging.formats.tiff.write.TiffImageWriterBase.writeImageFileHeader(Lorg/apache/commons/imaging/common/BinaryOutputStream;)V
org.apache.commons.imaging.formats.tiff.write.TiffImageWriterBase.writeImageFileHeader(Lorg/apache/commons/imaging/common/BinaryOutputStream;J)V
org.apache.commons.jxpath.JXPathContext.getFactory()Lorg/apache/commons/jxpath/AbstractFactory;
org.apache.commons.jxpath.JXPathContext.getFunctions()Lorg/apache/commons/jxpath/Functions;
org.apache.commons.jxpath.JXPathContext.getIdentityManager()Lorg/apache/commons/jxpath/IdentityManager;
org.apache.commons.jxpath.JXPathContext.getKeyManager()Lorg/apache/commons/jxpath/KeyManager;
org.apache.commons.jxpath.JXPathContext.getLocale()Ljava/util/Locale;
org.apache.commons.jxpath.JXPathContext.getNamespaceContextPointer()Lorg/apache/commons/jxpath/Pointer;
org.apache.commons.jxpath.JXPathContext.getNamespaceURI(Ljava/lang/String;)Ljava/lang/String;
org.apache.commons.jxpath.JXPathContext.getNodeSetByKey(Ljava/lang/String;Ljava/lang/Object;)Lorg/apache/commons/jxpath/NodeSet;
org.apache.commons.jxpath.JXPathContext.getPointerByID(Ljava/lang/String;)Lorg/apache/commons/jxpath/Pointer;
org.apache.commons.jxpath.JXPathContext.getPointerByKey(Ljava/lang/String;Ljava/lang/String;)Lorg/apache/commons/jxpath/Pointer;
org.apache.commons.jxpath.JXPathContext.getPrefix(Ljava/lang/String;)Ljava/lang/String;
org.apache.commons.jxpath.JXPathContext.getVariables()Lorg/apache/commons/jxpath/Variables;
org.apache.commons.jxpath.JXPathContext.isLenient()Z
org.apache.commons.jxpath.JXPathContext.registerNamespace(Ljava/lang/String;Ljava/lang/String;)V
org.apache.commons.jxpath.JXPathContext.selectNodes(Ljava/lang/String;)Ljava/util/List;
org.apache.commons.jxpath.JXPathContext.selectSingleNode(Ljava/lang/String;)Ljava/lang/Object;
org.apache.commons.jxpath.JXPathContext.setLenient(Z)V
org.apache.commons.jxpath.JXPathContext.setNamespaceContextPointer(Lorg/apache/commons/jxpath/Pointer;)V
org.apache.commons.jxpath.ri.compiler.CoreOperationCompare.contains(Ljava/util/Iterator;Ljava/lang/Object;)Z
org.apache.commons.jxpath.ri.compiler.CoreOperationCompare.equal(Ljava/lang/Object;Ljava/lang/Object;)Z
org.apache.commons.jxpath.ri.compiler.CoreOperationCompare.equal(Lorg/apache/commons/jxpath/ri/EvalContext;Lorg/apache/commons/jxpath/ri/compiler/Expression;Lorg/apache/commons/jxpath/ri/compiler/Expression;)Z
org.apache.commons.jxpath.ri.compiler.CoreOperationCompare.findMatch(Ljava/util/Iterator;Ljava/util/Iterator;)Z
org.apache.commons.jxpath.ri.compiler.Path.areBasicPredicates([Lorg/apache/commons/jxpath/ri/compiler/Expression;)Z
org.apache.commons.jxpath.ri.compiler.Path.buildContextChain(Lorg/apache/commons/jxpath/ri/EvalContext;IZ)Lorg/apache/commons/jxpath/ri/EvalContext;
org.apache.commons.jxpath.ri.compiler.Path.computeContextDependent()Z
org.apache.commons.jxpath.ri.compiler.Path.createContextForStep(Lorg/apache/commons/jxpath/ri/EvalContext;ILorg/apache/commons/jxpath/ri/compiler/NodeTest;)Lorg/apache/commons/jxpath/ri/EvalContext;
org.apache.commons.jxpath.ri.compiler.Path.getSingleNodePointerForSteps(Lorg/apache/commons/jxpath/ri/EvalContext;)Lorg/apache/commons/jxpath/Pointer;
org.apache.commons.jxpath.ri.compiler.Path.isSimplePath()Z
org.apache.commons.jxpath.ri.compiler.Path.isSimpleStep(Lorg/apache/commons/jxpath/ri/compiler/Step;)Z
org.apache.commons.jxpath.ri.compiler.Path.searchForPath(Lorg/apache/commons/jxpath/ri/EvalContext;)Lorg/apache/commons/jxpath/Pointer;
org.apache.commons.jxpath.ri.compiler.Step.isContextDependent()Z
org.apache.commons.jxpath.ri.compiler.Step.toString()Ljava/lang/String;
org.apache.commons.jxpath.ri.model.beans.PropertyIterator.getNodePointer()Lorg/apache/commons/jxpath/ri/model/NodePointer;
org.apache.commons.jxpath.ri.model.beans.PropertyIterator.prepareForIndividualProperty(Ljava/lang/String;)V
org.apache.commons.jxpath.ri.model.beans.PropertyIterator.reset()V
org.apache.commons.jxpath.ri.parser.XPathParserTokenManager.jjFillToken()Lorg/apache/commons/jxpath/ri/parser/Token;
org.apache.commons.jxpath.ri.parser.XPathParserTokenManager.ReInit(Lorg/apache/commons/jxpath/ri/parser/SimpleCharStream;)V
org.apache.commons.jxpath.ri.parser.XPathParserTokenManager.ReInit(Lorg/apache/commons/jxpath/ri/parser/SimpleCharStream;I)V
org.apache.commons.jxpath.ri.parser.XPathParserTokenManager.SwitchTo(I)V
org.apache.commons.jxpath.util.BasicTypeConverter.allocateCollection(Ljava/lang/Class;)Ljava/util/Collection;
org.apache.commons.jxpath.util.BasicTypeConverter.allocateNumber(Ljava/lang/Class;D)Ljava/lang/Number;
org.apache.commons.jxpath.util.BasicTypeConverter.canConvert(Ljava/lang/Object;Ljava/lang/Class;)Z
org.apache.commons.jxpath.util.BasicTypeConverter.canCreateCollection(Ljava/lang/Class;)Z
org.apache.commons.jxpath.util.BasicTypeConverter.convert(Ljava/lang/Object;Ljava/lang/Class;)Ljava/lang/Object;
org.apache.commons.jxpath.util.BasicTypeConverter.convertStringToPrimitive(Ljava/lang/Object;Ljava/lang/Class;)Ljava/lang/Object;
org.apache.commons.jxpath.util.BasicTypeConverter.unmodifiableCollection(Ljava/util/Collection;)Ljava/util/Collection;
org.freehep.math.minuit.MnAlgebraicSymMatrix.clone()Lorg/freehep/math/minuit/MnAlgebraicSymMatrix;
org.freehep.math.minuit.MnAlgebraicSymMatrix.data()[D
org.freehep.math.minuit.MnAlgebraicSymMatrix.get(II)D
org.freehep.math.minuit.MnAlgebraicSymMatrix.invert()V
org.freehep.math.minuit.MnAlgebraicSymMatrix.ncol()I
org.freehep.math.minuit.MnAlgebraicSymMatrix.nrow()I
org.freehep.math.minuit.MnAlgebraicSymMatrix.set(IID)V
org.freehep.math.minuit.MnAlgebraicSymMatrix.size()I
org.freehep.math.minuit.MnFunctionCross.cross([I[D[DDI)Lorg/freehep/math/minuit/MnCross;
org.freehep.math.minuit.MnHesse.calculate(Lorg/freehep/math/minuit/FCNBase;[D[D)Lorg/freehep/math/minuit/MnUserParameterState;
org.freehep.math.minuit.MnHesse.calculate(Lorg/freehep/math/minuit/FCNBase;[D[DI)Lorg/freehep/math/minuit/MnUserParameterState;
org.freehep.math.minuit.MnHesse.calculate(Lorg/freehep/math/minuit/FCNBase;[DLorg/freehep/math/minuit/MnUserCovariance;)Lorg/freehep/math/minuit/MnUserParameterState;
org.freehep.math.minuit.MnHesse.calculate(Lorg/freehep/math/minuit/FCNBase;[DLorg/freehep/math/minuit/MnUserCovariance;I)Lorg/freehep/math/minuit/MnUserParameterState;
org.freehep.math.minuit.MnHesse.calculate(Lorg/freehep/math/minuit/FCNBase;Lorg/freehep/math/minuit/MnUserParameters;)Lorg/freehep/math/minuit/MnUserParameterState;
org.freehep.math.minuit.MnHesse.calculate(Lorg/freehep/math/minuit/FCNBase;Lorg/freehep/math/minuit/MnUserParameters;I)Lorg/freehep/math/minuit/MnUserParameterState;
org.freehep.math.minuit.MnHesse.calculate(Lorg/freehep/math/minuit/FCNBase;Lorg/freehep/math/minuit/MnUserParameters;Lorg/freehep/math/minuit/MnUserCovariance;)Lorg/freehep/math/minuit/MnUserParameterState;
org.freehep.math.minuit.MnHesse.calculate(Lorg/freehep/math/minuit/FCNBase;Lorg/freehep/math/minuit/MnUserParameters;Lorg/freehep/math/minuit/MnUserCovariance;I)Lorg/freehep/math/minuit/MnUserParameterState;
org.freehep.math.minuit.MnHesse.calculate(Lorg/freehep/math/minuit/FCNBase;Lorg/freehep/math/minuit/MnUserParameterState;I)Lorg/freehep/math/minuit/MnUserParameterState;
org.freehep.math.minuit.MnHesse.calculate(Lorg/freehep/math/minuit/MnFcn;Lorg/freehep/math/minuit/MinimumState;Lorg/freehep/math/minuit/MnUserTransformation;I)Lorg/freehep/math/minuit/MinimumState;
org.freehep.math.minuit.MnHesse.ncycles()I
org.freehep.math.minuit.MnHesse.tolerg2()D
org.freehep.math.minuit.MnHesse.tolerstp()D
org.freehep.math.minuit.MnMinos.loval(I)Lorg/freehep/math/minuit/MnCross;
org.freehep.math.minuit.MnMinos.loval(ID)Lorg/freehep/math/minuit/MnCross;
org.freehep.math.minuit.MnMinos.loval(IDI)Lorg/freehep/math/minuit/MnCross;
org.freehep.math.minuit.MnMinos.lower(I)D
org.freehep.math.minuit.MnMinos.lower(ID)D
org.freehep.math.minuit.MnMinos.lower(IDI)D
org.freehep.math.minuit.MnMinos.minos(I)Lorg/freehep/math/minuit/MinosError;
org.freehep.math.minuit.MnMinos.minos(ID)Lorg/freehep/math/minuit/MinosError;
org.freehep.math.minuit.MnMinos.minos(IDI)Lorg/freehep/math/minuit/MinosError;
org.freehep.math.minuit.MnMinos.range(I)Lorg/freehep/math/minuit/Point;
org.freehep.math.minuit.MnMinos.range(ID)Lorg/freehep/math/minuit/Point;
org.freehep.math.minuit.MnMinos.range(IDI)Lorg/freehep/math/minuit/Point;
org.freehep.math.minuit.MnMinos.upper(I)D
org.freehep.math.minuit.MnMinos.upper(ID)D
org.freehep.math.minuit.MnMinos.upper(IDI)D
org.freehep.math.minuit.MnMinos.upval(I)Lorg/freehep/math/minuit/MnCross;
org.freehep.math.minuit.MnMinos.upval(ID)Lorg/freehep/math/minuit/MnCross;
org.freehep.math.minuit.MnMinos.upval(IDI)Lorg/freehep/math/minuit/MnCross;
org.freehep.math.minuit.MnPlot.length()I
org.freehep.math.minuit.MnPlot.plot(DDLjava/util/List;)V
org.freehep.math.minuit.MnPlot.plot(Ljava/util/List;)V
org.freehep.math.minuit.MnPlot.width()I
org.freehep.math.minuit.MnUserParameterState.add(Ljava/lang/String;D)V
org.freehep.math.minuit.MnUserParameterState.add(Ljava/lang/String;DD)V
org.freehep.math.minuit.MnUserParameterState.add(Ljava/lang/String;DDDD)V
org.freehep.math.minuit.MnUserParameterState.clone()Lorg/freehep/math/minuit/MnUserParameterState;
org.freehep.math.minuit.MnUserParameterState.covariance()Lorg/freehep/math/minuit/MnUserCovariance;
org.freehep.math.minuit.MnUserParameterState.edm()D
org.freehep.math.minuit.MnUserParameterState.error(I)D
org.freehep.math.minuit.MnUserParameterState.error(Ljava/lang/String;)D
org.freehep.math.minuit.MnUserParameterState.errors()[D
org.freehep.math.minuit.MnUserParameterState.ext2int(ID)D
org.freehep.math.minuit.MnUserParameterState.extOfInt(I)I
org.freehep.math.minuit.MnUserParameterState.fix(I)V
org.freehep.math.minuit.MnUserParameterState.fix(Ljava/lang/String;)V
org.freehep.math.minuit.MnUserParameterState.fval()D
org.freehep.math.minuit.MnUserParameterState.globalCC()Lorg/freehep/math/minuit/MnGlobalCorrelationCoeff;
org.freehep.math.minuit.MnUserParameterState.hasCovariance()Z
org.freehep.math.minuit.MnUserParameterState.hasGlobalCC()Z
org.freehep.math.minuit.MnUserParameterState.index(Ljava/lang/String;)I
org.freehep.math.minuit.MnUserParameterState.int2ext(ID)D
org.freehep.math.minuit.MnUserParameterState.intCovariance()Lorg/freehep/math/minuit/MnUserCovariance;
org.freehep.math.minuit.MnUserParameterState.intOfExt(I)I
org.freehep.math.minuit.MnUserParameterState.intParameters()Ljava/util/List;
org.freehep.math.minuit.MnUserParameterState.isValid()Z
org.freehep.math.minuit.MnUserParameterState.minuitParameters()Ljava/util/List;
org.freehep.math.minuit.MnUserParameterState.name(I)Ljava/lang/String;
org.freehep.math.minuit.MnUserParameterState.nfcn()I
org.freehep.math.minuit.MnUserParameterState.parameter(I)Lorg/freehep/math/minuit/MinuitParameter;
org.freehep.math.minuit.MnUserParameterState.parameters()Lorg/freehep/math/minuit/MnUserParameters;
org.freehep.math.minuit.MnUserParameterState.params()[D
org.freehep.math.minuit.MnUserParameterState.precision()Lorg/freehep/math/minuit/MnMachinePrecision;
org.freehep.math.minuit.MnUserParameterState.release(I)V
org.freehep.math.minuit.MnUserParameterState.release(Ljava/lang/String;)V
org.freehep.math.minuit.MnUserParameterState.removeLimits(I)V
org.freehep.math.minuit.MnUserParameterState.removeLimits(Ljava/lang/String;)V
org.freehep.math.minuit.MnUserParameterState.setError(ID)V
org.freehep.math.minuit.MnUserParameterState.setError(Ljava/lang/String;D)V
org.freehep.math.minuit.MnUserParameterState.setLimits(IDD)V
org.freehep.math.minuit.MnUserParameterState.setLimits(Ljava/lang/String;DD)V
org.freehep.math.minuit.MnUserParameterState.setLowerLimit(ID)V
org.freehep.math.minuit.MnUserParameterState.setLowerLimit(Ljava/lang/String;D)V
org.freehep.math.minuit.MnUserParameterState.setPrecision(D)V
org.freehep.math.minuit.MnUserParameterState.setUpperLimit(ID)V
org.freehep.math.minuit.MnUserParameterState.setUpperLimit(Ljava/lang/String;D)V
org.freehep.math.minuit.MnUserParameterState.setValue(ID)V
org.freehep.math.minuit.MnUserParameterState.setValue(Ljava/lang/String;D)V
org.freehep.math.minuit.MnUserParameterState.toString()Ljava/lang/String;
org.freehep.math.minuit.MnUserParameterState.trafo()Lorg/freehep/math/minuit/MnUserTransformation;
org.freehep.math.minuit.MnUserParameterState.value(I)D
org.freehep.math.minuit.MnUserParameterState.value(Ljava/lang/String;)D
org.freehep.math.minuit.MnUserParameterState.variableParameters()I
org.freehep.math.minuit.MnUserTransformation.add(Ljava/lang/String;D)V
org.freehep.math.minuit.MnUserTransformation.add(Ljava/lang/String;DD)V
org.freehep.math.minuit.MnUserTransformation.add(Ljava/lang/String;DDDD)V
org.freehep.math.minuit.MnUserTransformation.clone()Lorg/freehep/math/minuit/MnUserTransformation;
org.freehep.math.minuit.MnUserTransformation.dInt2Ext(ID)D
org.freehep.math.minuit.MnUserTransformation.error(I)D
org.freehep.math.minuit.MnUserTransformation.error(Ljava/lang/String;)D
org.freehep.math.minuit.MnUserTransformation.errors()[D
org.freehep.math.minuit.MnUserTransformation.ext2int(ID)D
org.freehep.math.minuit.MnUserTransformation.extOfInt(I)I
org.freehep.math.minuit.MnUserTransformation.fix(I)V
org.freehep.math.minuit.MnUserTransformation.fix(Ljava/lang/String;)V
org.freehep.math.minuit.MnUserTransformation.index(Ljava/lang/String;)I
org.freehep.math.minuit.MnUserTransformation.int2ext(ID)D
org.freehep.math.minuit.MnUserTransformation.int2extCovariance(Lorg/freehep/math/minuit/MnAlgebraicVector;Lorg/freehep/math/minuit/MnAlgebraicSymMatrix;)Lorg/freehep/math/minuit/MnUserCovariance;
org.freehep.math.minuit.MnUserTransformation.int2extError(IDD)D
org.freehep.math.minuit.MnUserTransformation.intOfExt(I)I
org.freehep.math.minuit.MnUserTransformation.name(I)Ljava/lang/String;
org.freehep.math.minuit.MnUserTransformation.parameter(I)Lorg/freehep/math/minuit/MinuitParameter;
org.freehep.math.minuit.MnUserTransformation.parameters()Ljava/util/List;
org.freehep.math.minuit.MnUserTransformation.params()[D
org.freehep.math.minuit.MnUserTransformation.precision()Lorg/freehep/math/minuit/MnMachinePrecision;
org.freehep.math.minuit.MnUserTransformation.release(I)V
org.freehep.math.minuit.MnUserTransformation.release(Ljava/lang/String;)V
org.freehep.math.minuit.MnUserTransformation.removeLimits(I)V
org.freehep.math.minuit.MnUserTransformation.removeLimits(Ljava/lang/String;)V
org.freehep.math.minuit.MnUserTransformation.setError(ID)V
org.freehep.math.minuit.MnUserTransformation.setError(Ljava/lang/String;D)V
org.freehep.math.minuit.MnUserTransformation.setLimits(IDD)V
org.freehep.math.minuit.MnUserTransformation.setLimits(Ljava/lang/String;DD)V
org.freehep.math.minuit.MnUserTransformation.setLowerLimit(ID)V
org.freehep.math.minuit.MnUserTransformation.setLowerLimit(Ljava/lang/String;D)V
org.freehep.math.minuit.MnUserTransformation.setPrecision(D)V
org.freehep.math.minuit.MnUserTransformation.setUpperLimit(ID)V
org.freehep.math.minuit.MnUserTransformation.setUpperLimit(Ljava/lang/String;D)V
org.freehep.math.minuit.MnUserTransformation.setValue(ID)V
org.freehep.math.minuit.MnUserTransformation.setValue(Ljava/lang/String;D)V
org.freehep.math.minuit.MnUserTransformation.transform(Lorg/freehep/math/minuit/MnAlgebraicVector;)Lorg/freehep/math/minuit/MnAlgebraicVector;
org.freehep.math.minuit.MnUserTransformation.value(I)D
org.freehep.math.minuit.MnUserTransformation.value(Ljava/lang/String;)D
org.freehep.math.minuit.MnUserTransformation.variableParameters()I
org.freehep.math.minuit.SimplexBuilder.minimum(Lorg/freehep/math/minuit/MnFcn;Lorg/freehep/math/minuit/GradientCalculator;Lorg/freehep/math/minuit/MinimumSeed;Lorg/freehep/math/minuit/MnStrategy;ID)Lorg/freehep/math/minuit/FunctionMinimum;
org.la4j.decomposition.EigenDecompositor.applicableTo(Lorg/la4j/Matrix;)Z
org.la4j.decomposition.SingularValueDecompositor.applicableTo(Lorg/la4j/Matrix;)Z
org.la4j.decomposition.SingularValueDecompositor.decompose()[Lorg/la4j/Matrix;
org.la4j.linear.ForwardBackSubstitutionSolver.applicableTo(Lorg/la4j/Matrix;)Z
org.la4j.linear.ForwardBackSubstitutionSolver.solve(Lorg/la4j/Vector;)Lorg/la4j/Vector;
org.la4j.linear.GaussianSolver.applicableTo(Lorg/la4j/Matrix;)Z
org.la4j.linear.GaussianSolver.solve(Lorg/la4j/Vector;)Lorg/la4j/Vector;
org.la4j.Matrix.add(D)Lorg/la4j/Matrix;
org.la4j.Matrix.columnMajorIterator()Lorg/la4j/iterator/ColumnMajorMatrixIterator;
org.la4j.matrix.dense.Basic1DMatrix.blankOfShape(II)Lorg/la4j/Matrix;
org.la4j.matrix.dense.Basic1DMatrix.copyOfShape(II)Lorg/la4j/Matrix;
org.la4j.matrix.dense.Basic1DMatrix.get(II)D
org.la4j.matrix.dense.Basic1DMatrix.getRow(I)Lorg/la4j/Vector;
org.la4j.matrix.dense.Basic1DMatrix.set(IID)V
org.la4j.matrix.dense.Basic1DMatrix.setAll(D)V
org.la4j.matrix.dense.Basic1DMatrix.to(Lorg/la4j/matrix/MatrixFactory;)Lorg/la4j/Matrix;
org.la4j.matrix.dense.Basic1DMatrix.toArray()[[D
org.la4j.matrix.dense.Basic1DMatrix.toBinary()[B
org.la4j.matrix.dense.Basic2DMatrix.blankOfShape(II)Lorg/la4j/Matrix;
org.la4j.matrix.dense.Basic2DMatrix.copyOfShape(II)Lorg/la4j/Matrix;
org.la4j.matrix.dense.Basic2DMatrix.get(II)D
org.la4j.matrix.dense.Basic2DMatrix.getRow(I)Lorg/la4j/Vector;
org.la4j.matrix.dense.Basic2DMatrix.set(IID)V
org.la4j.matrix.dense.Basic2DMatrix.swapRows(II)V
org.la4j.matrix.dense.Basic2DMatrix.to(Lorg/la4j/matrix/MatrixFactory;)Lorg/la4j/Matrix;
org.la4j.matrix.dense.Basic2DMatrix.toArray()[[D
org.la4j.matrix.dense.Basic2DMatrix.toBinary()[B
org.la4j.Matrix.determinant()D
org.la4j.Matrix.diagonalProduct()D
org.la4j.Matrix.each(Lorg/la4j/matrix/functor/MatrixProcedure;)V
org.la4j.Matrix.eachInColumn(ILorg/la4j/vector/functor/VectorProcedure;)V
org.la4j.Matrix.eachInRow(ILorg/la4j/vector/functor/VectorProcedure;)V
org.la4j.Matrix.ensureDimensionsAreCorrect(II)V
org.la4j.Matrix.ensureIndexesAreInBounds(II)V
org.la4j.Matrix.equals(Ljava/lang/Object;)Z
org.la4j.Matrix.equals(Lorg/la4j/Matrix;D)Z
org.la4j.Matrix.fold(Lorg/la4j/matrix/functor/MatrixAccumulator;)D
org.la4j.Matrix.foldColumn(ILorg/la4j/vector/functor/VectorAccumulator;)D
org.la4j.Matrix.foldColumns(Lorg/la4j/vector/functor/VectorAccumulator;)[D
org.la4j.Matrix.foldRow(ILorg/la4j/vector/functor/VectorAccumulator;)D
org.la4j.Matrix.foldRows(Lorg/la4j/vector/functor/VectorAccumulator;)[D
org.la4j.Matrix.hashCode()I
org.la4j.Matrix.insertColumn(ILorg/la4j/Vector;)Lorg/la4j/Matrix;
org.la4j.Matrix.insertRow(ILorg/la4j/Vector;)Lorg/la4j/Matrix;
org.la4j.Matrix.is(Lorg/la4j/matrix/functor/MatrixPredicate;)Z
org.la4j.Matrix.iterator()Lorg/la4j/iterator/MatrixIterator;
org.la4j.Matrix.iteratorOfColumn(I)Lorg/la4j/iterator/VectorIterator;
org.la4j.Matrix.iteratorOfRow(I)Lorg/la4j/iterator/VectorIterator;
org.la4j.Matrix.mkString(Ljava/text/NumberFormat;Ljava/lang/String;Ljava/lang/String;)Ljava/lang/String;
org.la4j.Matrix.multiply(D)Lorg/la4j/Matrix;
org.la4j.Matrix.power(I)Lorg/la4j/Matrix;
org.la4j.Matrix.rank()I
org.la4j.Matrix.removeColumn(I)Lorg/la4j/Matrix;
org.la4j.Matrix.removeRow(I)Lorg/la4j/Matrix;
org.la4j.Matrix.rotate()Lorg/la4j/Matrix;
org.la4j.Matrix.rowMajorIterator()Lorg/la4j/iterator/RowMajorMatrixIterator;
org.la4j.Matrix.select([I[I)Lorg/la4j/Matrix;
org.la4j.Matrix.setAll(D)V
org.la4j.Matrix.setColumn(ID)V
org.la4j.Matrix.setColumn(ILorg/la4j/Vector;)V
org.la4j.Matrix.setRow(ID)V
org.la4j.Matrix.setRow(ILorg/la4j/Vector;)V
org.la4j.Matrix.shuffle()Lorg/la4j/Matrix;
org.la4j.matrix.sparse.CCSMatrix.blankOfShape(II)Lorg/la4j/Matrix;
org.la4j.matrix.sparse.CCSMatrix.columnMajorIterator()Lorg/la4j/iterator/ColumnMajorMatrixIterator;
org.la4j.matrix.sparse.CCSMatrix.each(Lorg/la4j/matrix/functor/MatrixProcedure;)V
org.la4j.matrix.sparse.CCSMatrix.eachInColumn(ILorg/la4j/vector/functor/VectorProcedure;)V
org.la4j.matrix.sparse.CCSMatrix.eachNonZero(Lorg/la4j/matrix/functor/MatrixProcedure;)V
org.la4j.matrix.sparse.CCSMatrix.eachNonZeroInColumn(ILorg/la4j/vector/functor/VectorProcedure;)V
org.la4j.matrix.sparse.CCSMatrix.getColumn(I)Lorg/la4j/Vector;
org.la4j.matrix.sparse.CCSMatrix.iteratorOfColumn(I)Lorg/la4j/iterator/VectorIterator;
org.la4j.matrix.sparse.CCSMatrix.iteratorOrNonZeroColumns()Ljava/util/Iterator;
org.la4j.matrix.sparse.CCSMatrix.nonZeroColumnMajorIterator()Lorg/la4j/iterator/ColumnMajorMatrixIterator;
org.la4j.matrix.sparse.CCSMatrix.nonZeroIteratorOfColumn(I)Lorg/la4j/iterator/VectorIterator;
org.la4j.matrix.sparse.CCSMatrix.to(Lorg/la4j/matrix/MatrixFactory;)Lorg/la4j/Matrix;
org.la4j.matrix.sparse.CRSMatrix.blankOfShape(II)Lorg/la4j/Matrix;
org.la4j.matrix.sparse.CRSMatrix.each(Lorg/la4j/matrix/functor/MatrixProcedure;)V
org.la4j.matrix.sparse.CRSMatrix.eachInRow(ILorg/la4j/vector/functor/VectorProcedure;)V
org.la4j.matrix.sparse.CRSMatrix.eachNonZero(Lorg/la4j/matrix/functor/MatrixProcedure;)V
org.la4j.matrix.sparse.CRSMatrix.eachNonZeroInRow(ILorg/la4j/vector/functor/VectorProcedure;)V
org.la4j.matrix.sparse.CRSMatrix.getRow(I)Lorg/la4j/Vector;
org.la4j.matrix.sparse.CRSMatrix.iteratorOfNonZeroRows()Ljava/util/Iterator;
org.la4j.matrix.sparse.CRSMatrix.iteratorOfRow(I)Lorg/la4j/iterator/VectorIterator;
org.la4j.matrix.sparse.CRSMatrix.nonZeroIteratorOfRow(I)Lorg/la4j/iterator/VectorIterator;
org.la4j.matrix.sparse.CRSMatrix.nonZeroRowMajorIterator()Lorg/la4j/iterator/RowMajorMatrixIterator;
org.la4j.matrix.sparse.CRSMatrix.rowMajorIterator()Lorg/la4j/iterator/RowMajorMatrixIterator;
org.la4j.matrix.sparse.CRSMatrix.to(Lorg/la4j/matrix/MatrixFactory;)Lorg/la4j/Matrix;
org.la4j.Matrix.swapColumns(II)V
org.la4j.Matrix.swapRows(II)V
org.la4j.Matrix.to(Lorg/la4j/matrix/MatrixFactory;)Lorg/la4j/Matrix;
org.la4j.Matrix.toString()Ljava/lang/String;
org.la4j.Matrix.trace()D
org.la4j.Matrix.transform(Lorg/la4j/matrix/functor/MatrixFunction;)Lorg/la4j/Matrix;
org.la4j.Matrix.transformColumn(ILorg/la4j/vector/functor/VectorFunction;)Lorg/la4j/Matrix;
org.la4j.Matrix.transformRow(ILorg/la4j/vector/functor/VectorFunction;)Lorg/la4j/Matrix;
org.la4j.Matrix.transpose()Lorg/la4j/Matrix;
org.la4j.Matrix.update(Lorg/la4j/matrix/functor/MatrixFunction;)V
org.la4j.Matrix.updateColumn(ILorg/la4j/vector/functor/VectorFunction;)V
org.la4j.Matrix.updateRow(ILorg/la4j/vector/functor/VectorFunction;)V
org.la4j.vector.sparse.CompressedVector.blankOfLength(I)Lorg/la4j/Vector;
org.la4j.vector.sparse.CompressedVector.each(Lorg/la4j/vector/functor/VectorProcedure;)V
org.la4j.vector.sparse.CompressedVector.eachNonZero(Lorg/la4j/vector/functor/VectorProcedure;)V
org.la4j.vector.sparse.CompressedVector.iterator()Lorg/la4j/iterator/VectorIterator;
org.la4j.vector.sparse.CompressedVector.nonZeroIterator()Lorg/la4j/iterator/VectorIterator;
org.la4j.vector.sparse.CompressedVector.setAll(D)V
org.la4j.vector.sparse.CompressedVector.to(Lorg/la4j/vector/VectorFactory;)Lorg/la4j/Vector;
org.la4j.vector.sparse.CompressedVector.toBinary()[B
